"Mês/Ano";"UF";"Município";"Zona";"Quantidade";"%";
"Agosto - 2014";"SP";"ADAMANTINA";"157";"27.626";"0,086"
"";"SP";"ADOLFO";"64";"3.562";"0,011"
"";"SP";"AGUAÍ";"334";"24.435";"0,076"
"";"SP";"ÁGUAS DA PRATA";"122";"6.425";"0,020"
"";"SP";"ÁGUAS DE LINDÓIA";"134";"13.773";"0,043"
"";"SP";"ÁGUAS DE SANTA BÁRBARA";"205";"4.989";"0,016"
"";"SP";"ÁGUAS DE SÃO PEDRO";"130";"2.885";"0,009"
"";"SP";"AGUDOS";"7";"28.632";"0,089"
"";"SP";"ALAMBARI";"52";"4.035";"0,013"
"";"SP";"ALFREDO MARCONDES";"182";"3.650";"0,011"
"";"SP";"ALTAIR";"80";"3.091";"0,010"
"";"SP";"ALTINÓPOLIS";"202";"13.222";"0,041"
"";"SP";"ALTO ALEGRE";"289";"3.789";"0,012"
"";"SP";"ALUMÍNIO";"131";"14.361";"0,045"
"";"SP";"ÁLVARES FLORENCE";"147";"3.778";"0,012"
"";"SP";"ÁLVARES MACHADO";"182";"17.798";"0,056"
"";"SP";"ÁLVARO DE CARVALHO";"47";"3.133";"0,010"
"";"SP";"ALVINLÂNDIA";"47";"2.668";"0,008"
"";"SP";"AMERICANA";"158";"81.341";"0,254"
"";"SP";"AMERICANA";"384";"90.750";"0,284"
"";"SP";"AMÉRICO BRASILIENSE";"239";"26.838";"0,084"
"";"SP";"AMÉRICO DE CAMPOS";"138";"4.718";"0,015"
"";"SP";"AMPARO";"8";"52.704";"0,165"
"";"SP";"ANALÂNDIA";"245";"3.502";"0,011"
"";"SP";"ANDRADINA";"9";"44.023";"0,138"
"";"SP";"ANGATUBA";"215";"17.389";"0,054"
"";"SP";"ANHEMBI";"41";"5.600";"0,018"
"";"SP";"ANHUMAS";"182";"3.304";"0,010"
"";"SP";"APARECIDA";"190";"29.198";"0,091"
"";"SP";"APARECIDA D'OESTE";"232";"3.971";"0,012"
"";"SP";"APIAÍ";"10";"20.687";"0,065"
"";"SP";"ARAÇARIGUAMA";"131";"14.686";"0,046"
"";"SP";"ARAÇATUBA";"11";"68.501";"0,214"
"";"SP";"ARAÇATUBA";"299";"73.260";"0,229"
"";"SP";"ARAÇOIABA DA SERRA";"294";"21.201";"0,066"
"";"SP";"ARAMINA";"50";"4.435";"0,014"
"";"SP";"ARANDU";"301";"5.335";"0,017"
"";"SP";"ARAPEÍ";"18";"2.440";"0,008"
"";"SP";"ARARAQUARA";"13";"70.209";"0,219"
"";"SP";"ARARAQUARA";"385";"91.993";"0,287"
"";"SP";"ARARAS";"14";"94.487";"0,295"
"";"SP";"ARCO-ÍRIS";"143";"2.020";"0,006"
"";"SP";"AREALVA";"300";"6.241";"0,020"
"";"SP";"AREIAS";"105";"3.355";"0,010"
"";"SP";"AREIÓPOLIS";"129";"8.581";"0,027"
"";"SP";"ARIRANHA";"111";"7.237";"0,023"
"";"SP";"ARTUR NOGUEIRA";"75";"31.672";"0,099"
"";"SP";"ARUJÁ";"335";"62.410";"0,195"
"";"SP";"ASPÁSIA";"152";"1.802";"0,006"
"";"SP";"ASSIS";"15";"38.009";"0,119"
"";"SP";"ASSIS";"290";"31.721";"0,099"
"";"SP";"ATIBAIA";"16";"102.622";"0,321"
"";"SP";"AURIFLAMA";"225";"11.436";"0,036"
"";"SP";"AVAÍ";"300";"4.043";"0,013"
"";"SP";"AVANHANDAVA";"289";"7.694";"0,024"
"";"SP";"AVARÉ";"17";"63.307";"0,198"
"";"SP";"BADY BASSITT";"126";"11.903";"0,037"
"";"SP";"BALBINOS";"95";"1.495";"0,005"
"";"SP";"BÁLSAMO";"72";"6.813";"0,021"
"";"SP";"BANANAL";"18";"8.309";"0,026"
"";"SP";"BARÃO DE ANTONINA";"56";"2.524";"0,008"
"";"SP";"BARBOSA";"289";"5.533";"0,017"
"";"SP";"BARIRI";"19";"24.277";"0,076"
"";"SP";"BARRA BONITA";"200";"30.350";"0,095"
"";"SP";"BARRA DO CHAPÉU";"10";"4.597";"0,014"
"";"SP";"BARRA DO TURVO";"228";"7.245";"0,023"
"";"SP";"BARRETOS";"21";"85.067";"0,266"
"";"SP";"BARRINHA";"135";"21.652";"0,068"
"";"SP";"BARUERI";"199";"127.475";"0,398"
"";"SP";"BARUERI";"386";"108.473";"0,339"
"";"SP";"BASTOS";"184";"17.245";"0,054"
"";"SP";"BATATAIS";"22";"42.896";"0,134"
"";"SP";"BAURU";"23";"103.437";"0,323"
"";"SP";"BAURU";"300";"76.321";"0,239"
"";"SP";"BAURU";"387";"78.232";"0,244"
"";"SP";"BEBEDOURO";"24";"58.030";"0,181"
"";"SP";"BENTO DE ABREU";"146";"2.252";"0,007"
"";"SP";"BERNARDINO DE CAMPOS";"114";"8.513";"0,027"
"";"SP";"BERTIOGA";"272";"38.851";"0,121"
"";"SP";"BILAC";"210";"5.984";"0,019"
"";"SP";"BIRIGUI";"25";"80.646";"0,252"
"";"SP";"BIRITIBA MIRIM";"319";"22.304";"0,070"
"";"SP";"BOA ESPERANÇA DO SUL";"107";"10.191";"0,032"
"";"SP";"BOCAINA";"241";"8.768";"0,027"
"";"SP";"BOFETE";"41";"7.800";"0,024"
"";"SP";"BOITUVA";"369";"38.026";"0,119"
"";"SP";"BOM JESUS DOS PERDÕES";"16";"15.054";"0,047"
"";"SP";"BOM SUCESSO DE ITARARÉ";"57";"3.149";"0,010"
"";"SP";"BORÁ";"12";"1.060";"0,003"
"";"SP";"BORACÉIA";"86";"3.601";"0,011"
"";"SP";"BORBOREMA";"55";"11.345";"0,035"
"";"SP";"BOREBI";"161";"1.987";"0,006"
"";"SP";"BOTUCATU";"26";"94.792";"0,296"
"";"SP";"BRAGANÇA PAULISTA";"27";"118.043";"0,369"
"";"SP";"BRAÚNA";"289";"4.177";"0,013"
"";"SP";"BREJO ALEGRE";"25";"2.359";"0,007"
"";"SP";"BRODOWSKI";"22";"15.531";"0,049"
"";"SP";"BROTAS";"28";"17.851";"0,056"
"";"SP";"BURI";"53";"14.788";"0,046"
"";"SP";"BURITAMA";"214";"12.410";"0,039"
"";"SP";"BURITIZAL";"50";"3.383";"0,011"
"";"SP";"CABRÁLIA PAULISTA";"97";"3.906";"0,012"
"";"SP";"CABREÚVA";"59";"32.498";"0,102"
"";"SP";"CAÇAPAVA";"29";"68.355";"0,214"
"";"SP";"CACHOEIRA PAULISTA";"145";"24.615";"0,077"
"";"SP";"CACONDE";"30";"14.456";"0,045"
"";"SP";"CAFELÂNDIA";"31";"13.385";"0,042"
"";"SP";"CAIABU";"167";"3.668";"0,011"
"";"SP";"CAIEIRAS";"192";"63.618";"0,199"
"";"SP";"CAIUÁ";"102";"4.119";"0,013"
"";"SP";"CAJAMAR";"354";"54.519";"0,170"
"";"SP";"CAJATI";"228";"23.446";"0,073"
"";"SP";"CAJOBI";"80";"8.047";"0,025"
"";"SP";"CAJURU";"32";"18.585";"0,058"
"";"SP";"CAMPINA DO MONTE ALEGRE";"215";"4.573";"0,014"
"";"SP";"CAMPINAS";"33";"71.561";"0,224"
"";"SP";"CAMPINAS";"274";"90.951";"0,284"
"";"SP";"CAMPINAS";"275";"133.180";"0,416"
"";"SP";"CAMPINAS";"378";"165.522";"0,517"
"";"SP";"CAMPINAS";"379";"144.586";"0,452"
"";"SP";"CAMPINAS";"380";"120.373";"0,376"
"";"SP";"CAMPINAS";"423";"81.364";"0,254"
"";"SP";"CAMPO LIMPO PAULISTA";"344";"59.568";"0,186"
"";"SP";"CAMPOS DO JORDÃO";"35";"38.686";"0,121"
"";"SP";"CAMPOS NOVOS PAULISTA";"83";"3.705";"0,012"
"";"SP";"CANANÉIA";"36";"10.216";"0,032"
"";"SP";"CANAS";"68";"3.695";"0,012"
"";"SP";"CÂNDIDO MOTA";"226";"24.698";"0,077"
"";"SP";"CÂNDIDO RODRIGUES";"139";"2.548";"0,008"
"";"SP";"CANITAR";"313";"3.699";"0,012"
"";"SP";"CAPÃO BONITO";"37";"36.803";"0,115"
"";"SP";"CAPELA DO ALTO";"140";"12.813";"0,040"
"";"SP";"CAPIVARI";"38";"35.462";"0,111"
"";"SP";"CARAGUATATUBA";"206";"77.608";"0,243"
"";"SP";"CARAPICUÍBA";"303";"100.753";"0,315"
"";"SP";"CARAPICUÍBA";"388";"176.070";"0,550"
"";"SP";"CARDOSO";"224";"10.122";"0,032"
"";"SP";"CASA BRANCA";"39";"21.052";"0,066"
"";"SP";"CÁSSIA DOS COQUEIROS";"32";"2.775";"0,009"
"";"SP";"CASTILHO";"9";"13.940";"0,044"
"";"SP";"CATANDUVA";"40";"85.647";"0,268"
"";"SP";"CATIGUÁ";"179";"5.783";"0,018"
"";"SP";"CEDRAL";"126";"6.684";"0,021"
"";"SP";"CERQUEIRA CÉSAR";"205";"14.137";"0,044"
"";"SP";"CERQUILHO";"355";"30.792";"0,096"
"";"SP";"CESÁRIO LANGE";"140";"11.725";"0,037"
"";"SP";"CHARQUEADA";"244";"12.517";"0,039"
"";"SP";"CHAVANTES";"313";"9.721";"0,030"
"";"SP";"CLEMENTINA";"25";"5.265";"0,016"
"";"SP";"COLINA";"178";"14.569";"0,046"
"";"SP";"COLÔMBIA";"21";"5.732";"0,018"
"";"SP";"CONCHAL";"75";"20.183";"0,063"
"";"SP";"CONCHAS";"41";"13.787";"0,043"
"";"SP";"CORDEIRÓPOLIS";"243";"17.390";"0,054"
"";"SP";"COROADOS";"25";"4.117";"0,013"
"";"SP";"CORONEL MACEDO";"236";"4.341";"0,014"
"";"SP";"CORUMBATAÍ";"245";"2.771";"0,009"
"";"SP";"COSMÓPOLIS";"360";"44.325";"0,139"
"";"SP";"COSMORAMA";"138";"6.083";"0,019"
"";"SP";"COTIA";"227";"101.752";"0,318"
"";"SP";"COTIA";"286";"47.071";"0,147"
"";"SP";"CRAVINHOS";"193";"24.715";"0,077"
"";"SP";"CRISTAIS PAULISTA";"240";"6.923";"0,022"
"";"SP";"CRUZÁLIA";"363";"2.219";"0,007"
"";"SP";"CRUZEIRO";"42";"59.147";"0,185"
"";"SP";"CUBATÃO";"119";"95.203";"0,298"
"";"SP";"CUNHA";"43";"19.406";"0,061"
"";"SP";"DESCALVADO";"44";"25.216";"0,079"
"";"SP";"DIADEMA";"222";"84.016";"0,263"
"";"SP";"DIADEMA";"329";"159.394";"0,498"
"";"SP";"DIADEMA";"426";"81.537";"0,255"
"";"SP";"DIRCE REIS";"152";"1.600";"0,005"
"";"SP";"DIVINOLÂNDIA";"366";"10.206";"0,032"
"";"SP";"DOBRADA";"170";"5.571";"0,017"
"";"SP";"DOIS CÓRREGOS";"45";"18.994";"0,059"
"";"SP";"DOLCINÓPOLIS";"233";"2.243";"0,007"
"";"SP";"DOURADO";"107";"7.414";"0,023"
"";"SP";"DRACENA";"149";"33.858";"0,106"
"";"SP";"DUARTINA";"159";"10.066";"0,031"
"";"SP";"DUMONT";"109";"6.509";"0,020"
"";"SP";"ECHAPORÃ";"290";"5.319";"0,017"
"";"SP";"ELDORADO";"148";"11.808";"0,037"
"";"SP";"ELIAS FAUSTO";"358";"13.286";"0,042"
"";"SP";"ELISIÁRIO";"40";"2.719";"0,008"
"";"SP";"EMBAÚBA";"80";"2.449";"0,008"
"";"SP";"EMBU DAS ARTES";"341";"75.537";"0,236"
"";"SP";"EMBU DAS ARTES";"391";"74.126";"0,232"
"";"SP";"EMBU-GUAÇU";"370";"50.973";"0,159"
"";"SP";"EMILIANÓPOLIS";"165";"2.597";"0,008"
"";"SP";"ENGENHEIRO COELHO";"75";"12.484";"0,039"
"";"SP";"ESPÍRITO SANTO DO PINHAL";"91";"34.031";"0,106"
"";"SP";"ESPÍRITO SANTO DO TURVO";"114";"3.443";"0,011"
"";"SP";"ESTIVA GERBI";"216";"8.153";"0,025"
"";"SP";"ESTRELA DO NORTE";"261";"2.558";"0,008"
"";"SP";"ESTRELA D'OESTE";"233";"6.949";"0,022"
"";"SP";"EUCLIDES DA CUNHA PAULISTA";"330";"7.794";"0,024"
"";"SP";"FARTURA";"234";"12.848";"0,040"
"";"SP";"FERNANDO PRESTES";"139";"4.884";"0,015"
"";"SP";"FERNANDÓPOLIS";"150";"50.996";"0,159"
"";"SP";"FERNÃO";"47";"1.579";"0,005"
"";"SP";"FERRAZ DE VASCONCELOS";"401";"120.752";"0,377"
"";"SP";"FLORA RICA";"154";"1.822";"0,006"
"";"SP";"FLOREAL";"162";"2.676";"0,008"
"";"SP";"FLÓRIDA PAULISTA";"157";"8.365";"0,026"
"";"SP";"FLORÍNEA";"15";"2.674";"0,008"
"";"SP";"FRANCA";"46";"114.942";"0,359"
"";"SP";"FRANCA";"291";"114.054";"0,356"
"";"SP";"FRANCISCO MORATO";"367";"112.593";"0,352"
"";"SP";"FRANCO DA ROCHA";"192";"95.799";"0,299"
"";"SP";"GABRIEL MONTEIRO";"210";"2.588";"0,008"
"";"SP";"GÁLIA";"47";"5.592";"0,017"
"";"SP";"GARÇA";"47";"34.878";"0,109"
"";"SP";"GASTÃO VIDIGAL";"162";"3.333";"0,010"
"";"SP";"GAVIÃO PEIXOTO";"385";"3.717";"0,012"
"";"SP";"GENERAL SALGADO";"168";"8.570";"0,027"
"";"SP";"GETULINA";"160";"8.476";"0,026"
"";"SP";"GLICÉRIO";"289";"4.078";"0,013"
"";"SP";"GUAIÇARA";"67";"8.280";"0,026"
"";"SP";"GUAIMBÉ";"160";"4.578";"0,014"
"";"SP";"GUAÍRA";"169";"29.718";"0,093"
"";"SP";"GUAPIAÇU";"126";"14.263";"0,045"
"";"SP";"GUAPIARA";"37";"15.922";"0,050"
"";"SP";"GUARÁ";"338";"15.322";"0,048"
"";"SP";"GUARAÇAÍ";"153";"7.012";"0,022"
"";"SP";"GUARACI";"80";"8.469";"0,026"
"";"SP";"GUARANI D'OESTE";"302";"1.701";"0,005"
"";"SP";"GUARANTÃ";"31";"5.577";"0,017"
"";"SP";"GUARARAPES";"151";"24.876";"0,078"
"";"SP";"GUARAREMA";"319";"22.345";"0,070"
"";"SP";"GUARATINGUETÁ";"48";"36.565";"0,114"
"";"SP";"GUARATINGUETÁ";"316";"52.813";"0,165"
"";"SP";"GUAREÍ";"140";"8.959";"0,028"
"";"SP";"GUARIBA";"197";"28.364";"0,089"
"";"SP";"GUARUJÁ";"212";"117.822";"0,368"
"";"SP";"GUARUJÁ";"310";"104.012";"0,325"
"";"SP";"GUARULHOS";"176";"151.855";"0,475"
"";"SP";"GUARULHOS";"185";"123.729";"0,387"
"";"SP";"GUARULHOS";"278";"86.139";"0,269"
"";"SP";"GUARULHOS";"279";"126.360";"0,395"
"";"SP";"GUARULHOS";"393";"122.822";"0,384"
"";"SP";"GUARULHOS";"394";"172.317";"0,539"
"";"SP";"GUARULHOS";"395";"85.032";"0,266"
"";"SP";"GUATAPARÁ";"293";"5.246";"0,016"
"";"SP";"GUZOLÂNDIA";"225";"3.836";"0,012"
"";"SP";"HERCULÂNDIA";"184";"6.876";"0,021"
"";"SP";"HOLAMBRA";"75";"10.384";"0,032"
"";"SP";"HORTOLÂNDIA";"361";"138.602";"0,433"
"";"SP";"IACANGA";"49";"7.465";"0,023"
"";"SP";"IACRI";"184";"5.312";"0,017"
"";"SP";"IARAS";"205";"3.975";"0,012"
"";"SP";"IBATÉ";"410";"24.510";"0,077"
"";"SP";"IBIRÁ";"179";"8.256";"0,026"
"";"SP";"IBIRAREMA";"83";"4.933";"0,015"
"";"SP";"IBITINGA";"49";"41.982";"0,131"
"";"SP";"IBIÚNA";"191";"58.310";"0,182"
"";"SP";"ICÉM";"78";"6.707";"0,021"
"";"SP";"IEPÊ";"106";"6.115";"0,019"
"";"SP";"IGARAÇU DO TIETÊ";"200";"18.593";"0,058"
"";"SP";"IGARAPAVA";"50";"21.895";"0,068"
"";"SP";"IGARATÁ";"115";"7.733";"0,024"
"";"SP";"IGUAPE";"51";"23.006";"0,072"
"";"SP";"ILHA COMPRIDA";"51";"8.338";"0,026"
"";"SP";"ILHA SOLTEIRA";"368";"21.596";"0,067"
"";"SP";"ILHABELA";"132";"22.081";"0,069"
"";"SP";"INDAIATUBA";"211";"149.305";"0,467"
"";"SP";"INDIANA";"71";"4.486";"0,014"
"";"SP";"INDIAPORÃ";"302";"3.296";"0,010"
"";"SP";"INÚBIA PAULISTA";"69";"3.076";"0,010"
"";"SP";"IPAUSSU";"114";"10.661";"0,033"
"";"SP";"IPERÓ";"369";"18.233";"0,057"
"";"SP";"IPEÚNA";"245";"4.674";"0,015"
"";"SP";"IPIGUÁ";"268";"3.710";"0,012"
"";"SP";"IPORANGA";"10";"3.513";"0,011"
"";"SP";"IPUÃ";"123";"10.830";"0,034"
"";"SP";"IRACEMÁPOLIS";"243";"16.115";"0,050"
"";"SP";"IRAPUÃ";"207";"5.680";"0,018"
"";"SP";"IRAPURU";"154";"5.455";"0,017"
"";"SP";"ITABERÁ";"53";"14.061";"0,044"
"";"SP";"ITAÍ";"301";"16.916";"0,053"
"";"SP";"ITAJOBI";"79";"12.371";"0,039"
"";"SP";"ITAJU";"19";"3.131";"0,010"
"";"SP";"ITANHAÉM";"189";"71.437";"0,223"
"";"SP";"ITAOCA";"10";"2.950";"0,009"
"";"SP";"ITAPECERICA DA SERRA";"201";"110.888";"0,347"
"";"SP";"ITAPETININGA";"52";"105.004";"0,328"
"";"SP";"ITAPEVA";"53";"68.193";"0,213"
"";"SP";"ITAPEVI";"359";"143.115";"0,447"
"";"SP";"ITAPIRA";"54";"55.082";"0,172"
"";"SP";"ITAPIRAPUÃ PAULISTA";"10";"3.161";"0,010"
"";"SP";"ITÁPOLIS";"55";"31.275";"0,098"
"";"SP";"ITAPORANGA";"56";"11.408";"0,036"
"";"SP";"ITAPUÍ";"241";"8.821";"0,028"
"";"SP";"ITAPURA";"88";"3.728";"0,012"
"";"SP";"ITAQUAQUECETUBA";"377";"107.301";"0,335"
"";"SP";"ITAQUAQUECETUBA";"419";"106.581";"0,333"
"";"SP";"ITARARÉ";"57";"37.584";"0,117"
"";"SP";"ITARIRI";"295";"9.592";"0,030"
"";"SP";"ITATIBA";"58";"75.448";"0,236"
"";"SP";"ITATINGA";"26";"13.899";"0,043"
"";"SP";"ITIRAPINA";"245";"8.989";"0,028"
"";"SP";"ITIRAPUÃ";"85";"5.009";"0,016"
"";"SP";"ITOBI";"39";"6.367";"0,020"
"";"SP";"ITU";"59";"121.435";"0,380"
"";"SP";"ITUPEVA";"65";"35.069";"0,110"
"";"SP";"ITUVERAVA";"60";"30.305";"0,095"
"";"SP";"JABORANDI";"178";"5.006";"0,016"
"";"SP";"JABOTICABAL";"61";"53.337";"0,167"
"";"SP";"JACAREÍ";"62";"80.432";"0,251"
"";"SP";"JACAREÍ";"396";"79.616";"0,249"
"";"SP";"JACI";"72";"5.126";"0,016"
"";"SP";"JACUPIRANGA";"228";"13.613";"0,043"
"";"SP";"JAGUARIÚNA";"333";"35.939";"0,112"
"";"SP";"JALES";"152";"37.746";"0,118"
"";"SP";"JAMBEIRO";"29";"4.365";"0,014"
"";"SP";"JANDIRA";"304";"75.628";"0,236"
"";"SP";"JARDINÓPOLIS";"204";"27.159";"0,085"
"";"SP";"JARINU";"16";"19.025";"0,059"
"";"SP";"JAÚ";"63";"97.464";"0,305"
"";"SP";"JERIQUARA";"155";"3.241";"0,010"
"";"SP";"JOANÓPOLIS";"92";"9.271";"0,029"
"";"SP";"JOÃO RAMALHO";"104";"3.783";"0,012"
"";"SP";"JOSÉ BONIFÁCIO";"64";"25.377";"0,079"
"";"SP";"JÚLIO MESQUITA";"31";"3.719";"0,012"
"";"SP";"JUMIRIM";"142";"2.357";"0,007"
"";"SP";"JUNDIAÍ";"65";"69.197";"0,216"
"";"SP";"JUNDIAÍ";"281";"134.015";"0,419"
"";"SP";"JUNDIAÍ";"424";"72.682";"0,227"
"";"SP";"JUNQUEIRÓPOLIS";"196";"13.547";"0,042"
"";"SP";"JUQUIÁ";"223";"17.148";"0,054"
"";"SP";"JUQUITIBA";"201";"22.376";"0,070"
"";"SP";"LAGOINHA";"128";"5.205";"0,016"
"";"SP";"LARANJAL PAULISTA";"209";"20.464";"0,064"
"";"SP";"LAVÍNIA";"153";"4.256";"0,013"
"";"SP";"LAVRINHAS";"42";"5.820";"0,018"
"";"SP";"LEME";"188";"70.659";"0,221"
"";"SP";"LENÇÓIS PAULISTA";"161";"46.619";"0,146"
"";"SP";"LIMEIRA";"66";"116.071";"0,363"
"";"SP";"LIMEIRA";"399";"92.230";"0,288"
"";"SP";"LINDÓIA";"134";"5.352";"0,017"
"";"SP";"LINS";"67";"21.204";"0,066"
"";"SP";"LINS";"297";"34.461";"0,108"
"";"SP";"LORENA";"68";"63.880";"0,200"
"";"SP";"LOURDES";"214";"2.022";"0,006"
"";"SP";"LOUVEIRA";"345";"27.685";"0,087"
"";"SP";"LUCÉLIA";"69";"14.948";"0,047"
"";"SP";"LUCIANÓPOLIS";"159";"1.948";"0,006"
"";"SP";"LUÍS ANTÔNIO";"133";"8.827";"0,028"
"";"SP";"LUIZIÂNIA";"289";"4.118";"0,013"
"";"SP";"LUPÉRCIO";"47";"3.729";"0,012"
"";"SP";"LUTÉCIA";"12";"2.505";"0,008"
"";"SP";"MACATUBA";"86";"13.214";"0,041"
"";"SP";"MACAUBAL";"77";"6.065";"0,019"
"";"SP";"MACEDÔNIA";"302";"3.256";"0,010"
"";"SP";"MAGDA";"162";"2.938";"0,009"
"";"SP";"MAIRINQUE";"131";"36.331";"0,114"
"";"SP";"MAIRIPORÃ";"237";"57.403";"0,179"
"";"SP";"MANDURI";"94";"7.219";"0,023"
"";"SP";"MARABÁ PAULISTA";"102";"3.549";"0,011"
"";"SP";"MARACAÍ";"363";"10.834";"0,034"
"";"SP";"MARAPOAMA";"79";"2.538";"0,008"
"";"SP";"MARIÁPOLIS";"157";"3.245";"0,010"
"";"SP";"MARÍLIA";"70";"78.602";"0,246"
"";"SP";"MARÍLIA";"400";"88.191";"0,276"
"";"SP";"MARINÓPOLIS";"232";"1.926";"0,006"
"";"SP";"MARTINÓPOLIS";"71";"18.806";"0,059"
"";"SP";"MATÃO";"170";"62.269";"0,195"
"";"SP";"MAUÁ";"217";"50.093";"0,157"
"";"SP";"MAUÁ";"339";"69.363";"0,217"
"";"SP";"MAUÁ";"364";"69.970";"0,219"
"";"SP";"MAUÁ";"365";"110.016";"0,344"
"";"SP";"MENDONÇA";"64";"4.305";"0,013"
"";"SP";"MERIDIANO";"302";"3.670";"0,011"
"";"SP";"MESÓPOLIS";"152";"1.693";"0,005"
"";"SP";"MIGUELÓPOLIS";"208";"17.063";"0,053"
"";"SP";"MINEIROS DO TIETÊ";"241";"9.313";"0,029"
"";"SP";"MIRA ESTRELA";"224";"2.585";"0,008"
"";"SP";"MIRACATU";"218";"17.044";"0,053"
"";"SP";"MIRANDÓPOLIS";"153";"20.658";"0,065"
"";"SP";"MIRANTE DO PARANAPANEMA";"238";"14.515";"0,045"
"";"SP";"MIRASSOL";"72";"40.907";"0,128"
"";"SP";"MIRASSOLÂNDIA";"72";"3.497";"0,011"
"";"SP";"MOCOCA";"73";"54.032";"0,169"
"";"SP";"MOGI DAS CRUZES";"74";"97.282";"0,304"
"";"SP";"MOGI DAS CRUZES";"287";"134.486";"0,420"
"";"SP";"MOGI DAS CRUZES";"319";"58.990";"0,184"
"";"SP";"MOGI GUAÇU";"216";"108.978";"0,341"
"";"SP";"MOGI MIRIM";"75";"67.432";"0,211"
"";"SP";"MOMBUCA";"38";"3.022";"0,009"
"";"SP";"MONÇÕES";"162";"1.979";"0,006"
"";"SP";"MONGAGUÁ";"189";"41.101";"0,128"
"";"SP";"MONTE ALEGRE DO SUL";"8";"5.728";"0,018"
"";"SP";"MONTE ALTO";"76";"37.084";"0,116"
"";"SP";"MONTE APRAZÍVEL";"77";"16.132";"0,050"
"";"SP";"MONTE AZUL PAULISTA";"171";"15.562";"0,049"
"";"SP";"MONTE CASTELO";"175";"3.331";"0,010"
"";"SP";"MONTE MOR";"358";"38.246";"0,120"
"";"SP";"MONTEIRO LOBATO";"282";"3.545";"0,011"
"";"SP";"MORRO AGUDO";"336";"20.367";"0,064"
"";"SP";"MORUNGABA";"58";"9.825";"0,031"
"";"SP";"MOTUCA";"385";"3.666";"0,011"
"";"SP";"MURUTINGA DO SUL";"9";"3.533";"0,011"
"";"SP";"NANTES";"106";"2.321";"0,007"
"";"SP";"NARANDIBA";"261";"4.031";"0,013"
"";"SP";"NATIVIDADE DA SERRA";"84";"6.694";"0,021"
"";"SP";"NAZARÉ PAULISTA";"16";"13.528";"0,042"
"";"SP";"NEVES PAULISTA";"72";"7.504";"0,023"
"";"SP";"NHANDEARA";"162";"8.075";"0,025"
"";"SP";"NIPOÃ";"77";"3.791";"0,012"
"";"SP";"NOVA ALIANÇA";"126";"5.146";"0,016"
"";"SP";"NOVA CAMPINA";"53";"6.795";"0,021"
"";"SP";"NOVA CANAÃ PAULISTA";"187";"2.066";"0,006"
"";"SP";"NOVA CASTILHO";"168";"1.325";"0,004"
"";"SP";"NOVA EUROPA";"239";"7.955";"0,025"
"";"SP";"NOVA GRANADA";"78";"15.304";"0,048"
"";"SP";"NOVA GUATAPORANGA";"175";"1.898";"0,006"
"";"SP";"NOVA INDEPENDÊNCIA";"9";"2.943";"0,009"
"";"SP";"NOVA LUZITÂNIA";"162";"2.819";"0,009"
"";"SP";"NOVA ODESSA";"292";"42.139";"0,132"
"";"SP";"NOVAIS";"179";"3.425";"0,011"
"";"SP";"NOVO HORIZONTE";"79";"28.448";"0,089"
"";"SP";"NUPORANGA";"235";"5.465";"0,017"
"";"SP";"OCAUÇU";"180";"3.457";"0,011"
"";"SP";"ÓLEO";"94";"2.775";"0,009"
"";"SP";"OLÍMPIA";"80";"39.642";"0,124"
"";"SP";"ONDA VERDE";"78";"3.580";"0,011"
"";"SP";"ORIENTE";"180";"5.080";"0,016"
"";"SP";"ORINDIÚVA";"164";"4.638";"0,014"
"";"SP";"ORLÂNDIA";"81";"30.782";"0,096"
"";"SP";"OSASCO";"213";"26.640";"0,083"
"";"SP";"OSASCO";"276";"92.139";"0,288"
"";"SP";"OSASCO";"277";"82.877";"0,259"
"";"SP";"OSASCO";"285";"50.173";"0,157"
"";"SP";"OSASCO";"315";"118.557";"0,371"
"";"SP";"OSASCO";"331";"116.801";"0,365"
"";"SP";"OSASCO";"332";"69.346";"0,217"
"";"SP";"OSCAR BRESSANE";"12";"2.641";"0,008"
"";"SP";"OSVALDO CRUZ";"163";"24.545";"0,077"
"";"SP";"OURINHOS";"82";"77.220";"0,241"
"";"SP";"OURO VERDE";"149";"5.933";"0,019"
"";"SP";"OUROESTE";"302";"7.421";"0,023"
"";"SP";"PACAEMBU";"154";"9.020";"0,028"
"";"SP";"PALESTINA";"231";"8.249";"0,026"
"";"SP";"PALMARES PAULISTA";"111";"7.121";"0,022"
"";"SP";"PALMEIRA D'OESTE";"232";"7.863";"0,025"
"";"SP";"PALMITAL";"83";"17.319";"0,054"
"";"SP";"PANORAMA";"175";"10.624";"0,033"
"";"SP";"PARAGUAÇU PAULISTA";"12";"32.132";"0,100"
"";"SP";"PARAIBUNA";"84";"14.255";"0,045"
"";"SP";"PARAÍSO";"171";"5.066";"0,016"
"";"SP";"PARANAPANEMA";"301";"13.630";"0,043"
"";"SP";"PARANAPUÃ";"152";"3.010";"0,009"
"";"SP";"PARAPUÃ";"163";"8.675";"0,027"
"";"SP";"PARDINHO";"26";"5.128";"0,016"
"";"SP";"PARIQUERA-AÇU";"228";"15.058";"0,047"
"";"SP";"PARISI";"147";"2.180";"0,007"
"";"SP";"PATROCÍNIO PAULISTA";"85";"10.381";"0,032"
"";"SP";"PAULICÉIA";"175";"5.404";"0,017"
"";"SP";"PAULÍNIA";"323";"64.154";"0,200"
"";"SP";"PAULISTÂNIA";"7";"1.617";"0,005"
"";"SP";"PAULO DE FARIA";"164";"6.710";"0,021"
"";"SP";"PEDERNEIRAS";"86";"31.811";"0,099"
"";"SP";"PEDRA BELA";"298";"4.940";"0,015"
"";"SP";"PEDRANÓPOLIS";"302";"2.198";"0,007"
"";"SP";"PEDREGULHO";"155";"13.854";"0,043"
"";"SP";"PEDREIRA";"333";"32.590";"0,102"
"";"SP";"PEDRINHAS PAULISTA";"363";"2.763";"0,009"
"";"SP";"PEDRO DE TOLEDO";"295";"8.015";"0,025"
"";"SP";"PENÁPOLIS";"87";"45.788";"0,143"
"";"SP";"PEREIRA BARRETO";"88";"20.303";"0,063"
"";"SP";"PEREIRAS";"41";"6.762";"0,021"
"";"SP";"PERUÍBE";"295";"53.394";"0,167"
"";"SP";"PIACATU";"210";"4.479";"0,014"
"";"SP";"PIEDADE";"89";"40.395";"0,126"
"";"SP";"PILAR DO SUL";"89";"21.237";"0,066"
"";"SP";"PINDAMONHANGABA";"90";"109.291";"0,342"
"";"SP";"PINDORAMA";"179";"11.490";"0,036"
"";"SP";"PINHALZINHO";"298";"10.350";"0,032"
"";"SP";"PIQUEROBI";"117";"3.056";"0,010"
"";"SP";"PIQUETE";"337";"10.988";"0,034"
"";"SP";"PIRACAIA";"92";"21.339";"0,067"
"";"SP";"PIRACICABA";"93";"140.056";"0,438"
"";"SP";"PIRACICABA";"270";"139.303";"0,435"
"";"SP";"PIRAJU";"94";"23.128";"0,072"
"";"SP";"PIRAJUÍ";"95";"15.916";"0,050"
"";"SP";"PIRANGI";"76";"8.254";"0,026"
"";"SP";"PIRAPORA DO BOM JESUS";"386";"10.748";"0,034"
"";"SP";"PIRAPOZINHO";"261";"20.280";"0,063"
"";"SP";"PIRASSUNUNGA";"96";"26.636";"0,083"
"";"SP";"PIRASSUNUNGA";"311";"29.253";"0,091"
"";"SP";"PIRATININGA";"97";"8.864";"0,028"
"";"SP";"PITANGUEIRAS";"98";"26.223";"0,082"
"";"SP";"PLANALTO";"214";"4.011";"0,013"
"";"SP";"PLATINA";"83";"2.772";"0,009"
"";"SP";"POÁ";"219";"91.499";"0,286"
"";"SP";"POLONI";"77";"4.545";"0,014"
"";"SP";"POMPÉIA";"99";"15.653";"0,049"
"";"SP";"PONGAÍ";"95";"3.163";"0,010"
"";"SP";"PONTAL";"135";"27.916";"0,087"
"";"SP";"PONTALINDA";"152";"3.392";"0,011"
"";"SP";"PONTES GESTAL";"224";"2.399";"0,007"
"";"SP";"POPULINA";"233";"3.781";"0,012"
"";"SP";"PORANGABA";"140";"6.681";"0,021"
"";"SP";"PORTO FELIZ";"100";"38.705";"0,121"
"";"SP";"PORTO FERREIRA";"194";"40.543";"0,127"
"";"SP";"POTIM";"190";"11.562";"0,036"
"";"SP";"POTIRENDABA";"126";"12.725";"0,040"
"";"SP";"PRACINHA";"69";"1.500";"0,005"
"";"SP";"PRADÓPOLIS";"197";"13.540";"0,042"
"";"SP";"PRAIA GRANDE";"317";"95.434";"0,298"
"";"SP";"PRAIA GRANDE";"406";"96.712";"0,302"
"";"SP";"PRATÂNIA";"129";"4.322";"0,014"
"";"SP";"PRESIDENTE ALVES";"95";"3.412";"0,011"
"";"SP";"PRESIDENTE BERNARDES";"165";"11.351";"0,035"
"";"SP";"PRESIDENTE EPITÁCIO";"195";"31.852";"0,100"
"";"SP";"PRESIDENTE PRUDENTE";"101";"78.824";"0,246"
"";"SP";"PRESIDENTE PRUDENTE";"402";"87.224";"0,273"
"";"SP";"PRESIDENTE VENCESLAU";"102";"29.734";"0,093"
"";"SP";"PROMISSÃO";"103";"27.780";"0,087"
"";"SP";"QUADRA";"140";"2.960";"0,009"
"";"SP";"QUATÁ";"104";"10.427";"0,033"
"";"SP";"QUEIROZ";"99";"3.181";"0,010"
"";"SP";"QUELUZ";"105";"7.815";"0,024"
"";"SP";"QUINTANA";"99";"4.983";"0,016"
"";"SP";"RAFARD";"38";"7.490";"0,023"
"";"SP";"RANCHARIA";"106";"24.129";"0,075"
"";"SP";"REDENÇÃO DA SERRA";"314";"3.890";"0,012"
"";"SP";"REGENTE FEIJÓ";"167";"15.321";"0,048"
"";"SP";"REGINÓPOLIS";"95";"4.509";"0,014"
"";"SP";"REGISTRO";"172";"44.385";"0,139"
"";"SP";"RESTINGA";"240";"6.109";"0,019"
"";"SP";"RIBEIRA";"10";"2.977";"0,009"
"";"SP";"RIBEIRÃO BONITO";"107";"8.885";"0,028"
"";"SP";"RIBEIRÃO BRANCO";"53";"14.628";"0,046"
"";"SP";"RIBEIRÃO CORRENTE";"240";"3.887";"0,012"
"";"SP";"RIBEIRÃO DO SUL";"313";"3.813";"0,012"
"";"SP";"RIBEIRÃO DOS ÍNDIOS";"117";"2.071";"0,006"
"";"SP";"RIBEIRÃO GRANDE";"37";"6.713";"0,021"
"";"SP";"RIBEIRÃO PIRES";"183";"64.614";"0,202"
"";"SP";"RIBEIRÃO PIRES";"382";"24.335";"0,076"
"";"SP";"RIBEIRÃO PRETO";"108";"41.352";"0,129"
"";"SP";"RIBEIRÃO PRETO";"265";"37.589";"0,117"
"";"SP";"RIBEIRÃO PRETO";"266";"97.064";"0,303"
"";"SP";"RIBEIRÃO PRETO";"293";"70.490";"0,220"
"";"SP";"RIBEIRÃO PRETO";"305";"85.302";"0,267"
"";"SP";"RIBEIRÃO PRETO";"322";"98.287";"0,307"
"";"SP";"RIFAINA";"155";"4.186";"0,013"
"";"SP";"RINCÃO";"239";"7.941";"0,025"
"";"SP";"RINÓPOLIS";"184";"7.714";"0,024"
"";"SP";"RIO CLARO";"110";"76.251";"0,238"
"";"SP";"RIO CLARO";"288";"65.921";"0,206"
"";"SP";"RIO DAS PEDRAS";"244";"24.351";"0,076"
"";"SP";"RIO GRANDE DA SERRA";"382";"33.647";"0,105"
"";"SP";"RIOLÂNDIA";"164";"7.278";"0,023"
"";"SP";"RIVERSUL";"56";"4.798";"0,015"
"";"SP";"ROSANA";"330";"16.652";"0,052"
"";"SP";"ROSEIRA";"190";"7.814";"0,024"
"";"SP";"RUBIÁCEA";"151";"2.472";"0,008"
"";"SP";"RUBINÉIA";"187";"2.742";"0,009"
"";"SP";"SABINO";"297";"4.832";"0,015"
"";"SP";"SAGRES";"163";"2.036";"0,006"
"";"SP";"SALES";"207";"4.606";"0,014"
"";"SP";"SALES OLIVEIRA";"235";"7.589";"0,024"
"";"SP";"SALESÓPOLIS";"112";"14.704";"0,046"
"";"SP";"SALMOURÃO";"163";"3.909";"0,012"
"";"SP";"SALTINHO";"270";"6.121";"0,019"
"";"SP";"SALTO";"221";"83.952";"0,262"
"";"SP";"SALTO DE PIRAPORA";"294";"28.824";"0,090"
"";"SP";"SALTO GRANDE";"313";"6.863";"0,021"
"";"SP";"SANDOVALINA";"261";"3.457";"0,011"
"";"SP";"SANTA ADÉLIA";"111";"11.881";"0,037"
"";"SP";"SANTA ALBERTINA";"152";"4.806";"0,015"
"";"SP";"SANTA BÁRBARA D'OESTE";"186";"137.155";"0,429"
"";"SP";"SANTA BRANCA";"112";"12.102";"0,038"
"";"SP";"SANTA CLARA D'OESTE";"187";"2.112";"0,007"
"";"SP";"SANTA CRUZ DA CONCEIÇÃO";"188";"3.522";"0,011"
"";"SP";"SANTA CRUZ DA ESPERANÇA";"32";"1.911";"0,006"
"";"SP";"SANTA CRUZ DAS PALMEIRAS";"113";"22.897";"0,072"
"";"SP";"SANTA CRUZ DO RIO PARDO";"114";"33.925";"0,106"
"";"SP";"SANTA ERNESTINA";"139";"5.064";"0,016"
"";"SP";"SANTA FÉ DO SUL";"187";"24.469";"0,076"
"";"SP";"SANTA GERTRUDES";"245";"14.810";"0,046"
"";"SP";"SANTA ISABEL";"115";"39.458";"0,123"
"";"SP";"SANTA LÚCIA";"239";"8.014";"0,025"
"";"SP";"SANTA MARIA DA SERRA";"130";"3.926";"0,012"
"";"SP";"SANTA MERCEDES";"175";"2.631";"0,008"
"";"SP";"SANTA RITA DO PASSA QUATRO";"116";"21.617";"0,068"
"";"SP";"SANTA RITA D'OESTE";"187";"2.399";"0,007"
"";"SP";"SANTA ROSA DE VITERBO";"173";"19.367";"0,061"
"";"SP";"SANTA SALETE";"152";"1.557";"0,005"
"";"SP";"SANTANA DA PONTE PENSA";"187";"1.568";"0,005"
"";"SP";"SANTANA DE PARNAÍBA";"386";"74.600";"0,233"
"";"SP";"SANTO ANASTÁCIO";"117";"17.154";"0,054"
"";"SP";"SANTO ANDRÉ";"156";"22.445";"0,070"
"";"SP";"SANTO ANDRÉ";"262";"83.764";"0,262"
"";"SP";"SANTO ANDRÉ";"263";"62.778";"0,196"
"";"SP";"SANTO ANDRÉ";"264";"39.412";"0,123"
"";"SP";"SANTO ANDRÉ";"306";"32.650";"0,102"
"";"SP";"SANTO ANDRÉ";"307";"84.569";"0,264"
"";"SP";"SANTO ANDRÉ";"308";"43.393";"0,136"
"";"SP";"SANTO ANDRÉ";"309";"42.274";"0,132"
"";"SP";"SANTO ANDRÉ";"321";"52.796";"0,165"
"";"SP";"SANTO ANDRÉ";"383";"97.702";"0,305"
"";"SP";"SANTO ANTÔNIO DA ALEGRIA";"202";"5.888";"0,018"
"";"SP";"SANTO ANTÔNIO DE POSSE";"333";"16.080";"0,050"
"";"SP";"SANTO ANTÔNIO DO ARACANGUÁ";"299";"6.061";"0,019"
"";"SP";"SANTO ANTÔNIO DO JARDIM";"91";"5.485";"0,017"
"";"SP";"SANTO ANTÔNIO DO PINHAL";"120";"6.018";"0,019"
"";"SP";"SANTO EXPEDITO";"182";"2.668";"0,008"
"";"SP";"SANTÓPOLIS DO AGUAPEÍ";"25";"3.350";"0,010"
"";"SP";"SANTOS";"118";"110.822";"0,346"
"";"SP";"SANTOS";"272";"108.897";"0,340"
"";"SP";"SANTOS";"273";"115.581";"0,361"
"";"SP";"SÃO BENTO DO SAPUCAÍ";"120";"8.935";"0,028"
"";"SP";"SÃO BERNARDO DO CAMPO";"174";"131.581";"0,411"
"";"SP";"SÃO BERNARDO DO CAMPO";"283";"74.216";"0,232"
"";"SP";"SÃO BERNARDO DO CAMPO";"284";"83.163";"0,260"
"";"SP";"SÃO BERNARDO DO CAMPO";"296";"101.627";"0,318"
"";"SP";"SÃO BERNARDO DO CAMPO";"409";"123.922";"0,387"
"";"SP";"SÃO BERNARDO DO CAMPO";"414";"80.189";"0,251"
"";"SP";"SÃO CAETANO DO SUL";"166";"56.740";"0,177"
"";"SP";"SÃO CAETANO DO SUL";"269";"67.550";"0,211"
"";"SP";"SÃO CARLOS";"121";"95.976";"0,300"
"";"SP";"SÃO CARLOS";"410";"78.728";"0,246"
"";"SP";"SÃO FRANCISCO";"232";"2.608";"0,008"
"";"SP";"SÃO JOÃO DA BOA VISTA";"122";"67.154";"0,210"
"";"SP";"SÃO JOÃO DAS DUAS PONTES";"233";"2.409";"0,008"
"";"SP";"SÃO JOÃO DE IRACEMA";"168";"1.655";"0,005"
"";"SP";"SÃO JOÃO DO PAU D'ALHO";"175";"1.891";"0,006"
"";"SP";"SÃO JOAQUIM DA BARRA";"123";"36.004";"0,113"
"";"SP";"SÃO JOSÉ DA BELA VISTA";"240";"7.213";"0,023"
"";"SP";"SÃO JOSÉ DO BARREIRO";"18";"3.555";"0,011"
"";"SP";"SÃO JOSÉ DO RIO PARDO";"124";"41.619";"0,130"
"";"SP";"SÃO JOSÉ DO RIO PRETO";"125";"29.072";"0,091"
"";"SP";"SÃO JOSÉ DO RIO PRETO";"267";"135.725";"0,424"
"";"SP";"SÃO JOSÉ DO RIO PRETO";"268";"81.099";"0,253"
"";"SP";"SÃO JOSÉ DO RIO PRETO";"312";"66.675";"0,208"
"";"SP";"SÃO JOSÉ DOS CAMPOS";"127";"114.825";"0,359"
"";"SP";"SÃO JOSÉ DOS CAMPOS";"282";"74.836";"0,234"
"";"SP";"SÃO JOSÉ DOS CAMPOS";"411";"129.413";"0,404"
"";"SP";"SÃO JOSÉ DOS CAMPOS";"412";"154.938";"0,484"
"";"SP";"SÃO LOURENÇO DA SERRA";"201";"11.040";"0,035"
"";"SP";"SÃO LUÍS DO PARAITINGA";"128";"9.764";"0,031"
"";"SP";"SÃO MANUEL";"129";"30.607";"0,096"
"";"SP";"SÃO MIGUEL ARCANJO";"318";"24.696";"0,077"
"";"SP";"SÃO PAULO";"1";"169.490";"0,530"
"";"SP";"SÃO PAULO";"2";"174.524";"0,545"
"";"SP";"SÃO PAULO";"3";"82.166";"0,257"
"";"SP";"SÃO PAULO";"4";"162.101";"0,507"
"";"SP";"SÃO PAULO";"5";"126.859";"0,396"
"";"SP";"SÃO PAULO";"6";"156.973";"0,491"
"";"SP";"SÃO PAULO";"20";"138.605";"0,433"
"";"SP";"SÃO PAULO";"246";"120.202";"0,376"
"";"SP";"SÃO PAULO";"247";"113.853";"0,356"
"";"SP";"SÃO PAULO";"248";"151.873";"0,475"
"";"SP";"SÃO PAULO";"249";"121.994";"0,381"
"";"SP";"SÃO PAULO";"250";"165.773";"0,518"
"";"SP";"SÃO PAULO";"251";"117.366";"0,367"
"";"SP";"SÃO PAULO";"252";"117.859";"0,368"
"";"SP";"SÃO PAULO";"253";"220.124";"0,688"
"";"SP";"SÃO PAULO";"254";"160.020";"0,500"
"";"SP";"SÃO PAULO";"255";"192.665";"0,602"
"";"SP";"SÃO PAULO";"256";"174.178";"0,544"
"";"SP";"SÃO PAULO";"257";"182.176";"0,569"
"";"SP";"SÃO PAULO";"258";"193.116";"0,604"
"";"SP";"SÃO PAULO";"259";"150.990";"0,472"
"";"SP";"SÃO PAULO";"260";"182.567";"0,571"
"";"SP";"SÃO PAULO";"280";"170.848";"0,534"
"";"SP";"SÃO PAULO";"320";"183.658";"0,574"
"";"SP";"SÃO PAULO";"325";"103.360";"0,323"
"";"SP";"SÃO PAULO";"326";"109.833";"0,343"
"";"SP";"SÃO PAULO";"327";"117.914";"0,368"
"";"SP";"SÃO PAULO";"328";"157.123";"0,491"
"";"SP";"SÃO PAULO";"346";"134.377";"0,420"
"";"SP";"SÃO PAULO";"347";"169.793";"0,531"
"";"SP";"SÃO PAULO";"348";"104.431";"0,326"
"";"SP";"SÃO PAULO";"349";"126.177";"0,394"
"";"SP";"SÃO PAULO";"350";"135.661";"0,424"
"";"SP";"SÃO PAULO";"351";"133.526";"0,417"
"";"SP";"SÃO PAULO";"352";"197.734";"0,618"
"";"SP";"SÃO PAULO";"353";"161.501";"0,505"
"";"SP";"SÃO PAULO";"371";"182.501";"0,570"
"";"SP";"SÃO PAULO";"372";"243.981";"0,762"
"";"SP";"SÃO PAULO";"373";"132.220";"0,413"
"";"SP";"SÃO PAULO";"374";"227.448";"0,711"
"";"SP";"SÃO PAULO";"375";"237.071";"0,741"
"";"SP";"SÃO PAULO";"376";"230.693";"0,721"
"";"SP";"SÃO PAULO";"381";"202.354";"0,632"
"";"SP";"SÃO PAULO";"389";"160.947";"0,503"
"";"SP";"SÃO PAULO";"390";"114.206";"0,357"
"";"SP";"SÃO PAULO";"392";"122.922";"0,384"
"";"SP";"SÃO PAULO";"397";"146.569";"0,458"
"";"SP";"SÃO PAULO";"398";"98.698";"0,308"
"";"SP";"SÃO PAULO";"403";"90.987";"0,284"
"";"SP";"SÃO PAULO";"404";"164.161";"0,513"
"";"SP";"SÃO PAULO";"405";"100.171";"0,313"
"";"SP";"SÃO PAULO";"408";"137.987";"0,431"
"";"SP";"SÃO PAULO";"413";"132.776";"0,415"
"";"SP";"SÃO PAULO";"417";"114.938";"0,359"
"";"SP";"SÃO PAULO";"418";"170.995";"0,534"
"";"SP";"SÃO PAULO";"420";"123.938";"0,387"
"";"SP";"SÃO PAULO";"421";"133.752";"0,418"
"";"SP";"SÃO PAULO";"422";"131.681";"0,412"
"";"SP";"SÃO PEDRO";"130";"22.712";"0,071"
"";"SP";"SÃO PEDRO DO TURVO";"114";"5.478";"0,017"
"";"SP";"SÃO ROQUE";"131";"57.489";"0,180"
"";"SP";"SÃO SEBASTIÃO";"132";"56.978";"0,178"
"";"SP";"SÃO SEBASTIÃO DA GRAMA";"366";"9.577";"0,030"
"";"SP";"SÃO SIMÃO";"133";"11.803";"0,037"
"";"SP";"SÃO VICENTE";"177";"99.571";"0,311"
"";"SP";"SÃO VICENTE";"340";"155.145";"0,485"
"";"SP";"SARAPUÍ";"52";"7.081";"0,022"
"";"SP";"SARUTAIÁ";"94";"3.269";"0,010"
"";"SP";"SEBASTIANÓPOLIS DO SUL";"77";"2.909";"0,009"
"";"SP";"SERRA AZUL";"193";"6.801";"0,021"
"";"SP";"SERRA NEGRA";"134";"22.003";"0,069"
"";"SP";"SERRANA";"109";"30.572";"0,096"
"";"SP";"SERTÃOZINHO";"135";"87.240";"0,273"
"";"SP";"SETE BARRAS";"172";"11.323";"0,035"
"";"SP";"SEVERÍNIA";"80";"12.429";"0,039"
"";"SP";"SILVEIRAS";"145";"5.271";"0,016"
"";"SP";"SOCORRO";"136";"29.123";"0,091"
"";"SP";"SOROCABA";"137";"54.768";"0,171"
"";"SP";"SOROCABA";"271";"84.829";"0,265"
"";"SP";"SOROCABA";"342";"79.870";"0,250"
"";"SP";"SOROCABA";"343";"73.985";"0,231"
"";"SP";"SOROCABA";"356";"51.687";"0,162"
"";"SP";"SOROCABA";"357";"101.182";"0,316"
"";"SP";"SUD MENNUCCI";"88";"6.272";"0,020"
"";"SP";"SUMARÉ";"230";"67.508";"0,211"
"";"SP";"SUMARÉ";"362";"104.041";"0,325"
"";"SP";"SUZANÁPOLIS";"88";"2.831";"0,009"
"";"SP";"SUZANO";"181";"108.957";"0,341"
"";"SP";"SUZANO";"415";"94.919";"0,297"
"";"SP";"TABAPUÃ";"179";"9.077";"0,028"
"";"SP";"TABATINGA";"49";"11.773";"0,037"
"";"SP";"TABOÃO DA SERRA";"324";"88.417";"0,276"
"";"SP";"TABOÃO DA SERRA";"416";"110.223";"0,344"
"";"SP";"TACIBA";"167";"5.067";"0,016"
"";"SP";"TAGUAÍ";"234";"8.512";"0,027"
"";"SP";"TAIAÇU";"61";"4.750";"0,015"
"";"SP";"TAIÚVA";"61";"4.777";"0,015"
"";"SP";"TAMBAÚ";"198";"17.323";"0,054"
"";"SP";"TANABI";"138";"20.149";"0,063"
"";"SP";"TAPIRAÍ";"89";"6.568";"0,021"
"";"SP";"TAPIRATIBA";"30";"10.400";"0,033"
"";"SP";"TAQUARAL";"98";"2.254";"0,007"
"";"SP";"TAQUARITINGA";"139";"40.297";"0,126"
"";"SP";"TAQUARITUBA";"236";"18.620";"0,058"
"";"SP";"TAQUARIVAÍ";"53";"4.763";"0,015"
"";"SP";"TARABAI";"261";"5.516";"0,017"
"";"SP";"TARUMÃ";"15";"10.717";"0,033"
"";"SP";"TATUÍ";"140";"82.041";"0,256"
"";"SP";"TAUBATÉ";"141";"90.443";"0,283"
"";"SP";"TAUBATÉ";"407";"129.467";"0,405"
"";"SP";"TEJUPÁ";"94";"4.094";"0,013"
"";"SP";"TEODORO SAMPAIO";"330";"16.758";"0,052"
"";"SP";"TERRA ROXA";"203";"6.949";"0,022"
"";"SP";"TIETÊ";"142";"28.260";"0,088"
"";"SP";"TIMBURI";"94";"2.497";"0,008"
"";"SP";"TORRE DE PEDRA";"140";"2.628";"0,008"
"";"SP";"TORRINHA";"28";"7.374";"0,023"
"";"SP";"TRABIJU";"107";"1.509";"0,005"
"";"SP";"TREMEMBÉ";"314";"24.640";"0,077"
"";"SP";"TRÊS FRONTEIRAS";"187";"4.868";"0,015"
"";"SP";"TUIUTI";"298";"5.091";"0,016"
"";"SP";"TUPÃ";"143";"50.952";"0,159"
"";"SP";"TUPI PAULISTA";"175";"11.022";"0,034"
"";"SP";"TURIÚBA";"214";"1.685";"0,005"
"";"SP";"TURMALINA";"233";"1.940";"0,006"
"";"SP";"UBARANA";"64";"4.412";"0,014"
"";"SP";"UBATUBA";"144";"62.577";"0,196"
"";"SP";"UBIRAJARA";"159";"3.606";"0,011"
"";"SP";"UCHOA";"126";"8.008";"0,025"
"";"SP";"UNIÃO PAULISTA";"77";"1.810";"0,006"
"";"SP";"URÂNIA";"152";"6.665";"0,021"
"";"SP";"URU";"95";"1.462";"0,005"
"";"SP";"URUPÊS";"207";"10.522";"0,033"
"";"SP";"VALENTIM GENTIL";"147";"9.072";"0,028"
"";"SP";"VALINHOS";"34";"84.753";"0,265"
"";"SP";"VALPARAÍSO";"146";"15.869";"0,050"
"";"SP";"VARGEM";"298";"7.053";"0,022"
"";"SP";"VARGEM GRANDE DO SUL";"229";"30.472";"0,095"
"";"SP";"VARGEM GRANDE PAULISTA";"286";"34.054";"0,106"
"";"SP";"VÁRZEA PAULISTA";"242";"82.743";"0,259"
"";"SP";"VERA CRUZ";"180";"8.809";"0,028"
"";"SP";"VINHEDO";"345";"50.816";"0,159"
"";"SP";"VIRADOURO";"203";"13.927";"0,044"
"";"SP";"VISTA ALEGRE DO ALTO";"76";"5.187";"0,016"
"";"SP";"VITÓRIA BRASIL";"152";"1.572";"0,005"
"";"SP";"VOTORANTIM";"220";"85.129";"0,266"
"";"SP";"VOTUPORANGA";"147";"68.716";"0,215"
"";"SP";"ZACARIAS";"214";"2.376";"0,007"
"Mês/Ano Total:";"";"";"";"31.998.432";""
"Total Geral";"";"";"";"31.998.432";""
